account_number,name,last_name,birthday,email,user_name,start_date,photo
ACJH072590,Jessica,Howard,1990-07-25,jessicahoward2@example.online,jessicahoward2,2020-07-01,jessicahoward2_pic.jpg
ACSJ080798,Samantha,Johnson,1998-08-07,samanthajohnson3@hotmail.org,samanthajohnson3,2022-07-17,samanthajohnson3_pic.jpg
ACKM111190,Kayla,Mcgrath,1990-11-11,kaylamcgrath0@hotmail.edu,kaylamcgrath0,2023-04-16,kaylamcgrath0_pic.jpg
ACRW070287,Robert,White,1987-07-02,robertwhite4@gmail.org,robertwhite4,2021-10-20,robertwhite4_pic.jpg
ACET050697,Emily,Turner,1997-05-06,emilyturner4@mail.org,emilyturner4,2020-07-16,emilyturner4_pic.jpg
ACJJ060908,Jessica,Jones,2008-06-09,jessicajones4@university.org,jessicajones4,2022-11-06,jessicajones4_pic.jpg
ACBR061694,Brian,Rowe,1994-06-16,brianrowe4@mail.edu,brianrowe4,2019-11-29,brianrowe4_pic.jpg
ACTB043002,Timothy,Brown,2002-04-30,timothybrown2@university.com,timothybrown2,2019-11-06,timothybrown2_pic.jpg
ACDW052885,David,Wells,1985-05-28,davidwells1@gmail.online,davidwells1,2022-02-08,davidwells1_pic.jpg
ACAM071402,Amanda,Marks,2002-07-14,amandamarks8@hotmail.online,amandamarks8,2022-08-17,amandamarks8_pic.jpg
